key_missing,key_missing_guess_match,key_match
ciottiDesignCriteriaProcessBased2021a,wheaton2021LowtechProcessBased,ciotti_etal2021DesignCriteria
flnroBulkleyRiverAngling2013,flnro2013OverviewAngling,flnro2013BulkleyRiver
gottesfeldConservingSkeenaFish2002,gottesfeld_rabnett2007SkeenaFish,gottesfeld_etal2002ConservingSkeena
gottesfeldSkeenaFishPopulations2007,gottesfeld_etal2009CaseHistory,gottesfeld_rabnett2007SkeenaFish
wilsonFishPassageAssessment2007,moe2021PSCISAssessments,wilson_rabnett2007FishPassage,
Bramblett_2002,Bailey2004,bramblett_etal2002SeasonalUse
swalesRoleOffChannelPonds1989,,swales_levings1989RoleOffChannel
slaneyFishHabitatRehabilitation1997,,slaney_zaldokas1997FishHabitat
data_fish_obs,,moe2024KnownBC
hagen_2015_critical_habs,,hagen_etal2015Criticalhabitats
bull_trout_synthesis,,hagen_weber2019Limitingfactors
bt_cosewic,,cosewic2012COSEWICassessment
anzac_sens,,beaudry2013Assessmentassignment
hominka_sens,,beaudry2014Assessmentassignmenta
table_sens,,beaudry2014Assessmentassignment
missinka_sens,,beaudry2013Assessmentassignmentc
fsw_order,,forestandrangepracticesact2018OrderFisheries
hagenTrendAbundanceArctic2018,,hagen_etal2018TrendAbundance
williamson_2004,,williamson_zimmerman2005Region7a
stewartFishLifeHistory2007,,stewart_etal2007Fishlife
clarkinNationalInventoryAssessment2005,,clarkin_etal2005NationalInventory
bellFisheriesHandbookEngineering1991,,bell1991FisheriesHandbook
thompsonAssessingFishPassage2013,,thompson2013AssessingFish
ProvincialObstaclesFish,,moe2024ProvincialObstacles
flnrordForestTenureRoad2020,,flnrord2020ForestTenure
flnrordDigitalRoadAtlas2020,,flnrord2020DigitalRoad
confirmation_checklist_2011,,fishpassagetechnicalworkinggroup2011ChecklistFish
resourcesinventorycommittee2001Reconnaissance20a,,resourceinventorystandardscommittee2001Reconnaissance1
busch_etal2011LandscapeLevelModela,,busch_etal2011LandscapeLevelModel
